Question,Chunks
What is the structure of a Segment Tree used for efficient range queries and modifications?,"the array each. However the Segment Tree allows applying modification queries to an entire segment of; A Segment Tree is a very flexible data structure, and allows variations and extensions in many different; Segment Tree allows modifying the array by replacing one element, or even changing the elements of a; Segment Tree is a data structure that can be turned into a persistent data structure efficiently (both in; Structure of the Segment Tree"
What is the time complexity for computing sum queries in a Segment Tree?,"To start easy, we consider the simplest form of a Segment Tree. We want to answer sum queries; This query is easier than the sum query. Each level of a Segment Tree forms a partition of the array.; ). The Segment Tree should be able to process both queries in O(log n) time.; Thus the answer to the query in one segment of the tree takes O(log n) time, and the entire query is; we create a regular Segment Tree with sum queries over the histogram of the array. But instead of"
What is the structure of a Segment Tree?,"Structure of the Segment Tree; structure is called ""Segment Tree"", even though in most implementations the tree is not constructed; ## Simplest form of a Segment Tree; From this short description of the data structure, we can already conclude that a Segment Tree only; Dynamic segment tree"
What is the structure called that only requires a linear number of vertices? ,"requires a linear number of vertices. The first level of the tree contains a single node (the root), the; vertices, the next level has at most four vertices. That is trivial, because each vertex can only cause at; any vertices in the actual tree, but this doesn't complicate the implementation.; arbitrary level. By induction hypothesis, we visit at most four vertices.; these methods have the common factor, that each vertex requires linear memory (i.e. proportional to the"
What is the value stored at each node in a Segment Tree?,"the value that gets stored at each node of the segment tree. For example, in a sum segment tree, a; answer will be the precomputed value of the sum of this segment, which is stored in the tree.; Segment Tree using only the first coordinate. But instead of storing a number in a segment, we store an; store a Segment Tree constructed only by those second coordinates that occur in the current segment; This problem is a non-trivial usage of a Segment Tree. This time we will store four values for each"
What is the value stored at each node of a Segment Tree?,"the value that gets stored at each node of the segment tree. For example, in a sum segment tree, a; answer will be the precomputed value of the sum of this segment, which is stored in the tree.; store a Segment Tree constructed only by those second coordinates that occur in the current segment; Segment Tree using only the first coordinate. But instead of storing a number in a segment, we store an; This problem is a non-trivial usage of a Segment Tree. This time we will store four values for each"
What is the time complexity of constructing a segment tree?,"a segment, but this time in O(log n) time. We will improve the time complexity using the technique; ). The Segment Tree should be able to process both queries in O(log n) time.; We already know that the Segment Tree constructed in this way will require O(n log n) memory. And; ## Simplest form of a Segment Tree; corresponding segment, like described above. How to build such a Segment Tree as effectively as"
What is the time complexity for constructing a segment tree?,"a segment, but this time in O(log n) time. We will improve the time complexity using the technique; ). The Segment Tree should be able to process both queries in O(log n) time.; We already know that the Segment Tree constructed in this way will require O(n log n) memory. And; ## Simplest form of a Segment Tree; We can solve this problem by creating a segment tree lazily (incrementally). Initially, we will create only"
What is the time complexity for constructing a segment tree?,"a segment, but this time in O(log n) time. We will improve the time complexity using the technique; ). The Segment Tree should be able to process both queries in O(log n) time.; We already know that the Segment Tree constructed in this way will require O(n log n) memory. And; ## Simplest form of a Segment Tree; We can solve this problem by creating a segment tree lazily (incrementally). Initially, we will create only"
Why is the complexity of this algorithm ?,"Why is the complexity of this algorithm O(log n)? To show this complexity we look at each level of the; The time complexity of this construction is O(n), assuming that the merge operation is constant time; search, and in all other nodes we only do constant work. This means the complexity for answering a; doesn't guarantee this time complexity).; complex version of this problem in the next section."
What is the complexity of the Segment Tree algorithm?,"## Simplest form of a Segment Tree; the effectiveness of the Segment Tree.; standard Segment Tree requires 4n vertices for working on an array of size n.; We already know that the Segment Tree constructed in this way will require O(n log n) memory. And; In general, a Segment Tree is a very flexible data structure, and a huge number of problems can be"
Why is the complexity of this algorithm O(logn)?,"Why is the complexity of this algorithm O(log n)? To show this complexity we look at each level of the; The time complexity of this construction is O(n), assuming that the merge operation is constant time; as necessary (so not to degrade the complexity of O(log n)).; thanks to this implementation its construction also takes O(n log n) time, after all each list is; a segment, but this time in O(log n) time. We will improve the time complexity using the technique"
How can one efficiently store a Segment Tree?,"store a Segment Tree constructed only by those second coordinates that occur in the current segment; The main consideration is how to store the Segment Tree. Of course we can define a Vertex struct and; This problem is a non-trivial usage of a Segment Tree. This time we will store four values for each; With the approach described above almost any Segment Tree can be turned into a persistent data; two different versions of the Segment Tree, we need to store this roots in an array. To use a specific"
How is the Segment Tree implemented?,Dynamic segment tree; ## Simplest form of a Segment Tree; Structure of the Segment Tree; the effectiveness of the Segment Tree.; ## Advanced versions of Segment Trees
How is the Segment Tree implemented to store sums in an array?,"we create a regular Segment Tree with sum queries over the histogram of the array. But instead of; This query is easier than the sum query. Each level of a Segment Tree forms a partition of the array.; the value that gets stored at each node of the segment tree. For example, in a sum segment tree, a; So, we store the Segment Tree simply as an array t[] with a size of four times the input size n:; two different versions of the Segment Tree, we need to store this roots in an array. To use a specific"
What is the purpose of the Segment Tree?,"the effectiveness of the Segment Tree.; Structure of the Segment Tree; ## Simplest form of a Segment Tree; Dynamic segment tree; A Segment Tree is a very flexible data structure, and allows variations and extensions in many different"
How does the Segment Tree simplify implementation?,"## Simplest form of a Segment Tree; exactly the same as in the simple Segment Tree, but instead of summing / minimizing / maximizing the; This interesting variation of the Segment Tree can be solved in exactly the same way as the Segment; the effectiveness of the Segment Tree.; structure is called ""Segment Tree"", even though in most implementations the tree is not constructed"
What is the main concept behind Segment Trees?,"the effectiveness of the Segment Tree.; ## Simplest form of a Segment Tree; Structure of the Segment Tree; A Segment Tree is a very flexible data structure, and allows variations and extensions in many different; Dynamic segment tree"
How can the memory consumption be reduced in a Segment Tree?,"The first natural question, when considering these Segment Trees, is about memory consumption.; We already know that the Segment Tree constructed in this way will require O(n log n) memory. And; time and memory consumption). We want to avoid copying the complete tree before each modification,; One important property of Segment Trees is that they require only a linear amount of memory. The; memory than the usual Segment Tree."
How does the Segment Tree reduce memory consumption?,"The first natural question, when considering these Segment Trees, is about memory consumption.; We already know that the Segment Tree constructed in this way will require O(n log n) memory. And; One important property of Segment Trees is that they require only a linear amount of memory. The; memory than the usual Segment Tree.; time and memory consumption). We want to avoid copying the complete tree before each modification,"
How can Segment Trees be optimized to reduce memory consumption?,"The first natural question, when considering these Segment Trees, is about memory consumption.; We already know that the Segment Tree constructed in this way will require O(n log n) memory. And; One important property of Segment Trees is that they require only a linear amount of memory. The; Segment Tree with O(n[2]) elements. Most on this memory will be wasted, since each single point can; ). The Segment Tree should be able to process both queries in O(log n) time."
What was the name of the person who created Python?,"We can solve this problem by creating a segment tree lazily (incrementally). Initially, we will create only; not, create them). Each query has still only the complexity O(log n), which is small enough for most; problem, only now we need to combine multisets and not sorted lists. This leads to a construction; is now trivial and can be accomplished in linear time: We only need to combine the two sorted lists into; create objects, that store the boundaries of the segment, its sum and additionally also pointers to its"
What is the maximum number of occurrences of a word in any segment of the provided text?,"number of occurrences of the maximum.; **Finding the maximum and the number of times it appears**; we also store the number of occurrences of it in the corresponding segment. Determining the correct; maximum, ...), but store all elements of the segment. Thus the root of the Segment Tree will store all; find the maximum in a range."
How does the tree structure handle updates?,"after each update. Here is the code for building a persistent Segment Tree over an vector a with; time and memory consumption). We want to avoid copying the complete tree before each modification,; And we have to rebuild the Segment Tree, such that it corresponds to the new, modified array.; to make a ""lazy"" update: instead of changing all segments in the tree that cover the query segment, we; For each modification of the Segment Tree we will receive a new root vertex. To quickly jump between"
What is the time complexity for searching for an array prefix with a given amount using Segment Trees?,"This task can be solved using binary search, computing the sum of the prefixes with the Segment Tree.; **Searching for an array prefix with a given amount**; This task can be solved using binary search over max prefix queries with the Segment Tree. However,; This query is easier than the sum query. Each level of a Segment Tree forms a partition of the array.; efficiently. The formal definition of our task is: Given an array a[0 … n −1], the Segment Tree must be"
What is the time complexity for searching an array prefix with a given amount using a Segment Tree?,"This task can be solved using binary search, computing the sum of the prefixes with the Segment Tree.; **Searching for an array prefix with a given amount**; This task can be solved using binary search over max prefix queries with the Segment Tree. However,; This query is easier than the sum query. Each level of a Segment Tree forms a partition of the array.; efficiently. The formal definition of our task is: Given an array a[0 … n −1], the Segment Tree must be"
How can we compute the greatest common divisor/least common multiple of all numbers in a given range?,**Compute the greatest common divisor / least common multiple**; In this problem we want to compute the GCD / LCM of all numbers of given ranges of the array.; find the maximum in a range.; GCD / LCM of both vertices.; **Finding the -th smallest number in a rangek**
What is the time complexity of building a Segment Tree?,"a segment, but this time in O(log n) time. We will improve the time complexity using the technique; We already know that the Segment Tree constructed in this way will require O(n log n) memory. And; ). The Segment Tree should be able to process both queries in O(log n) time.; ## Simplest form of a Segment Tree; corresponding segment, like described above. How to build such a Segment Tree as effectively as"
How is the maximum subsegment in an array computed using a Segment Tree?,maximal subsegment in it. In other words for each segment of the Segment Tree the answer is already; array. It is present at the lowermost level of a segment tree.; the array each. However the Segment Tree allows applying modification queries to an entire segment of; So for each vertex of the Segment Tree we have to store the maximum of the corresponding; This query is easier than the sum query. Each level of a Segment Tree forms a partition of the array.
What is the implementation detail for initializing a leaf vertex in the Segment Tree?,"same way as in the previous implementations. To initialize the leaf vertices, we additionally create the; Now, for construction of the segment tree, we start at the bottom level (the leaf vertices) and assign; of the first coordinates. In other words, when constructing a Segment Tree inside some vertex with index; version of the Segment Tree we simply call the query using the appropriate root vertex.; We start the construction at the root vertex, and hence, we are able to compute the entire segment tree."
How does the Segment Tree function work in terms of combining data?,"Using the combine function it is easy to build the Segment Tree. We can implement it in exactly the; combine the values of two Segment Trees from the left and the right son in the coordinate x.; ## Simplest form of a Segment Tree; Because this structure of the Segment Tree and the similarities to the merge sort algorithm, the data; A Segment Tree is a very flexible data structure, and allows variations and extensions in many different"
What is the purpose of the auxiliary function in Segment Tree implementation?,"## Simplest form of a Segment Tree; A Segment Tree is a data structure that stores information about array intervals as a tree. This allows; two different versions of the Segment Tree, we need to store this roots in an array. To use a specific; ## Advanced versions of Segment Trees; exactly the same as in the simple Segment Tree, but instead of summing / minimizing / maximizing the"
How to build such a Segment Tree as effectively as possible?,"corresponding segment, like described above. How to build such a Segment Tree as effectively as; ## Simplest form of a Segment Tree; We can solve this problem by creating a segment tree lazily (incrementally). Initially, we will create only; The construction of such a Segment Tree is done in pretty much the same way as in the previous; the effectiveness of the Segment Tree."
What is the memory consumption of a Segment Tree with element storage?,"We already know that the Segment Tree constructed in this way will require O(n log n) memory. And; The first natural question, when considering these Segment Trees, is about memory consumption.; Segment Tree with O(n[2]) elements. Most on this memory will be wasted, since each single point can; One important property of Segment Trees is that they require only a linear amount of memory. The; Such a Segment Tree still uses a linear amount of memory, but with a larger constant: 16nm. It is clear"
How do Segment Trees store information?,"A Segment Tree is a data structure that stores information about array intervals as a tree. This allows; Segment Tree is a data structure that can be turned into a persistent data structure efficiently (both in; store a Segment Tree constructed only by those second coordinates that occur in the current segment; two different versions of the Segment Tree, we need to store this roots in an array. To use a specific; the value that gets stored at each node of the segment tree. For example, in a sum segment tree, a"
What is the time complexity for querying in a Segment Tree?,"). The Segment Tree should be able to process both queries in O(log n) time.; Thus the answer to the query in one segment of the tree takes O(log n) time, and the entire query is; complex queries (see Advanced versions of Segment Trees). In particular the Segment Tree can be; a segment, but this time in O(log n) time. We will improve the time complexity using the technique; Let's give an example implementation for the simplest Segment Tree: when there is only a query asking"
What is the time complexity for answering queries in a Segment Tree?,"). The Segment Tree should be able to process both queries in O(log n) time.; Thus the answer to the query in one segment of the tree takes O(log n) time, and the entire query is; complex queries (see Advanced versions of Segment Trees). In particular the Segment Tree can be; Let's give an example implementation for the simplest Segment Tree: when there is only a query asking; This query is easier than the sum query. Each level of a Segment Tree forms a partition of the array."
What is the time complexity for modifying a Segment Tree?,"a segment, but this time in O(log n) time. We will improve the time complexity using the technique; ). The Segment Tree should be able to process both queries in O(log n) time.; Finally we consider the modification query. We want to learn how to modify the Segment Tree in; We already know that the Segment Tree constructed in this way will require O(n log n) memory. And; Segment Tree allows modifying the array by replacing one element, or even changing the elements of a"
What is the time complexity for modifying a number in a Segment Tree?,"a segment, but this time in O(log n) time. We will improve the time complexity using the technique; ). The Segment Tree should be able to process both queries in O(log n) time.; Finally we consider the modification query. We want to learn how to modify the Segment Tree in; We already know that the Segment Tree constructed in this way will require O(n log n) memory. And; Segment Tree allows modifying the array by replacing one element, or even changing the elements of a"
What is the time complexity for the update function in Segment Tree?,"). The Segment Tree should be able to process both queries in O(log n) time.; a segment, but this time in O(log n) time. We will improve the time complexity using the technique; We already know that the Segment Tree constructed in this way will require O(n log n) memory. And; after each update. Here is the code for building a persistent Segment Tree over an vector a with; This problem is a non-trivial usage of a Segment Tree. This time we will store four values for each"
What is the time complexity for processing a modification query in a Segment Tree?,"Processing of this modification query also takes O(log[2] _n) time._; Finally we consider the modification query. We want to learn how to modify the Segment Tree in; ). The Segment Tree should be able to process both queries in O(log n) time.; the array each. However the Segment Tree allows applying modification queries to an entire segment of; It can be quite easy to change the Segment Tree in a direction, such that it computes different queries"
How does the Segment Tree speed up queries?,"). The Segment Tree should be able to process both queries in O(log n) time.; How does this speed up the queries?; It can be quite easy to change the Segment Tree in a direction, such that it computes different queries; complex queries (see Advanced versions of Segment Trees). In particular the Segment Tree can be; for each traversed vertex in the tree it makes a query in the corresponding Segment Tree along the"
How does the Segment Tree technique speed up queries?,"). The Segment Tree should be able to process both queries in O(log n) time.; How does this speed up the queries?; It can be quite easy to change the Segment Tree in a direction, such that it computes different queries; complex queries (see Advanced versions of Segment Trees). In particular the Segment Tree can be; Thus the answer to the query in one segment of the tree takes O(log n) time, and the entire query is"
How does the Segment Tree technique speed up queries?,"). The Segment Tree should be able to process both queries in O(log n) time.; How does this speed up the queries?; It can be quite easy to change the Segment Tree in a direction, such that it computes different queries; complex queries (see Advanced versions of Segment Trees). In particular the Segment Tree can be; Thus the answer to the query in one segment of the tree takes O(log n) time, and the entire query is"
What is the primary application of Segment Trees in competitive programming?,"the effectiveness of the Segment Tree.; Dynamic segment tree; ## Advanced versions of Segment Trees; Segment Tree with some more powerful data structure, for example a Cartesian tree.; A Segment Tree is a very flexible data structure, and allows variations and extensions in many different"
What is the complexity for retrieving a specific value from a Segment Tree?,"This problem is a non-trivial usage of a Segment Tree. This time we will store four values for each; ## Simplest form of a Segment Tree; ). The Segment Tree should be able to process both queries in O(log n) time.; This task can be solved using binary search, computing the sum of the prefixes with the Segment Tree.; complex queries (see Advanced versions of Segment Trees). In particular the Segment Tree can be"
What is the time complexity for calculating updates in a Segment Tree?,"). The Segment Tree should be able to process both queries in O(log n) time.; a segment, but this time in O(log n) time. We will improve the time complexity using the technique; We already know that the Segment Tree constructed in this way will require O(n log n) memory. And; after each update. Here is the code for building a persistent Segment Tree over an vector a with; This problem is a non-trivial usage of a Segment Tree. This time we will store four values for each"
How does the Segment Tree handle modi¬cation queries?,"the array each. However the Segment Tree allows applying modification queries to an entire segment of; complex queries (see Advanced versions of Segment Trees). In particular the Segment Tree can be; It can be quite easy to change the Segment Tree in a direction, such that it computes different queries; for each traversed vertex in the tree it makes a query in the corresponding Segment Tree along the; Finally we consider the modification query. We want to learn how to modify the Segment Tree in"
What modifications can be applied to a Segment Tree?,"Finally we consider the modification query. We want to learn how to modify the Segment Tree in; Segment Tree allows modifying the array by replacing one element, or even changing the elements of a; the array each. However the Segment Tree allows applying modification queries to an entire segment of; practically equivalent to the modification of the one-dimensional Segment Tree (see Saving the entire; And we have to rebuild the Segment Tree, such that it corresponds to the new, modified array."
How do we apply delayed modifications in a Segment Tree to ensure the complexity remains O(logn)?,"this in such a way, that when we descent the tree we apply delayed modifications, but exactly as much; a segment, but this time in O(log n) time. We will improve the time complexity using the technique; ). The Segment Tree should be able to process both queries in O(log n) time.; _O(log n)), and for Segment Trees corresponding to them the changes will only occurs at those vertices_; In fact, any change request in the Segment Tree leads to a change in the data of only O(log n) vertices"
What is the value stored at vertex 0?,"stored in the vertex.; a vertex stores; For this purpose we keep store an additional value for each vertex. In this value we store the addends we; only data from the left and right child, and returns the data of the current vertex.; vertex. Note the answer for the current vertex is either:"
What modification query do we have to perform on each vertex in the Segment Tree?,"Finally we consider the modification query. We want to learn how to modify the Segment Tree in; the array each. However the Segment Tree allows applying modification queries to an entire segment of; To perform this modification query on a whole segment, you have to store at each vertex of the Segment; modification query O(log n) new vertices will be created, including a new root vertex of the Segment; for each traversed vertex in the tree it makes a query in the corresponding Segment Tree along the"
What is the function used for query and modification in a Segment Tree? ,"the array each. However the Segment Tree allows applying modification queries to an entire segment of; Finally we consider the modification query. We want to learn how to modify the Segment Tree in; Segment Tree allows modifying the array by replacing one element, or even changing the elements of a; It can be quite easy to change the Segment Tree in a direction, such that it computes different queries; version of the Segment Tree we simply call the query using the appropriate root vertex."
What is the generalization of a Segment Tree to higher dimensions?,"A Segment Tree can be generalized quite natural to higher dimensions. If in the one-dimensional case; easily generalized to larger dimensions. For instance, with a two-dimensional Segment Tree you can; Generalization to higher dimensions; in Generalization to higher dimensions), Fenwick Trees, Cartesian trees, etc.; Segment Tree with some more powerful data structure, for example a Cartesian tree."
What is the purpose of segmenting coordinates in a 2D Segment Tree?,"corresponding Segment Tree of the second coordinate.; So we build a 2D Segment Tree: first the Segment Tree using the first coordinate (x), then the second (y; of the first coordinates. In other words, when constructing a Segment Tree inside some vertex with index; store a Segment Tree constructed only by those second coordinates that occur in the current segment; Segment Tree using only the first coordinate. But instead of storing a number in a segment, we store an"
How is the Segment Tree generalized to higher dimensions?,"A Segment Tree can be generalized quite natural to higher dimensions. If in the one-dimensional case; easily generalized to larger dimensions. For instance, with a two-dimensional Segment Tree you can; subarrays in each vertex). In particular the two-dimensional Segment Tree is just a special case of; Generalization to higher dimensions; ## Advanced versions of Segment Trees"
How does the described procedure for querying work in the context of Segment Trees?,complex queries (see Advanced versions of Segment Trees). In particular the Segment Tree can be; for each traversed vertex in the tree it makes a query in the corresponding Segment Tree along the; ). The Segment Tree should be able to process both queries in O(log n) time.; Let's give an example implementation for the simplest Segment Tree: when there is only a query asking; version of the Segment Tree we simply call the query using the appropriate root vertex.
What is the time complexity for processing queries in Segment Trees?,"). The Segment Tree should be able to process both queries in O(log n) time.; Thus the answer to the query in one segment of the tree takes O(log n) time, and the entire query is; complex queries (see Advanced versions of Segment Trees). In particular the Segment Tree can be; a segment, but this time in O(log n) time. We will improve the time complexity using the technique; We already know that the Segment Tree constructed in this way will require O(n log n) memory. And"
How does the Segment Tree function work in terms of time complexity?,"). The Segment Tree should be able to process both queries in O(log n) time.; a segment, but this time in O(log n) time. We will improve the time complexity using the technique; ## Simplest form of a Segment Tree; We already know that the Segment Tree constructed in this way will require O(n log n) memory. And; efficiently. The formal definition of our task is: Given an array a[0 … n −1], the Segment Tree must be"
How to modify the Segment Tree according to the change in the value of some element?,"Segment Tree allows modifying the array by replacing one element, or even changing the elements of a; Finally we consider the modification query. We want to learn how to modify the Segment Tree in; the array each. However the Segment Tree allows applying modification queries to an entire segment of; In fact, any change request in the Segment Tree leads to a change in the data of only O(log n) vertices; practically equivalent to the modification of the one-dimensional Segment Tree (see Saving the entire"
How do you modify the Segment Tree according to a change in the value of some element?,"Segment Tree allows modifying the array by replacing one element, or even changing the elements of a; Finally we consider the modification query. We want to learn how to modify the Segment Tree in; the array each. However the Segment Tree allows applying modification queries to an entire segment of; In fact, any change request in the Segment Tree leads to a change in the data of only O(log n) vertices; practically equivalent to the modification of the one-dimensional Segment Tree (see Saving the entire"
How does the compression of a 2D Segment Tree reduce memory usage?,"**Compression of 2D Segment Tree**; these Segment Trees with 2D data structures (in fact this is a 2D data structure, but with rather limited; Segment Tree with O(n[2]) elements. Most on this memory will be wasted, since each single point can; We already know that the Segment Tree constructed in this way will require O(n log n) memory. And; Tree we don't store information about the corresponding segment in compressed form (sum, minimum,"
How is the Segment Tree converted into a persistent data structure?,With the approach described above almost any Segment Tree can be turned into a persistent data; Segment Tree is a data structure that can be turned into a persistent data structure efficiently (both in; Preserving the history of its values (Persistent Segment Tree); after each update. Here is the code for building a persistent Segment Tree over an vector a with; Dynamic segment tree
"What is the time complexity for the simplest Segment Tree implementation when there are queries asking for sums, and modification queries of single elements?","). The Segment Tree should be able to process both queries in O(log n) time.; This query is easier than the sum query. Each level of a Segment Tree forms a partition of the array.; Thus the answer to the query in one segment of the tree takes O(log n) time, and the entire query is; To start easy, we consider the simplest form of a Segment Tree. We want to answer sum queries; Let's give an example implementation for the simplest Segment Tree: when there is only a query asking"
What is the time complexity for a single query in the persistent Segment Tree?,"). The Segment Tree should be able to process both queries in O(log n) time.; complexity for a single query would be O(log[3] _n). We will accomplish the same task using a persistent_; Thus the answer to the query in one segment of the tree takes O(log n) time, and the entire query is; With the approach described above almost any Segment Tree can be turned into a persistent data; Segment Tree is a data structure that can be turned into a persistent data structure efficiently (both in"
How is the -th smallest number in a range found using a Segment Tree?,"**Finding the -th smallest number in a rangek**; This time we have to answer queries of the form ""What is the -th smallest element in the range k; The task is as follows: for a given value x and a range a[l … r] find the smallest in the range i; are bound by 0 ≤ _a[i] < n. And we only want to find the -th smallest element in some prefix of thek_; **Find the smallest number greater or equal to a specified number. No modification queries.**"
"How can we build a persistent Segment Tree over an array with elements in the range [0, MAX_VALUE]?","With the approach described above almost any Segment Tree can be turned into a persistent data; after each update. Here is the code for building a persistent Segment Tree over an vector a with; maximum, ...), but store all elements of the segment. Thus the root of the Segment Tree will store all; elements in the range [0, MAX_VALUE] .; two different versions of the Segment Tree, we need to store this roots in an array. To use a specific"
How is the Segment Tree built in terms of recursion?,"The procedure for constructing the Segment Tree from a given array a[] looks like this: it is a recursive; ## Simplest form of a Segment Tree; corresponding segment, like described above. How to build such a Segment Tree as effectively as; Segment Tree with respect to the first indices, and for each segment we build an ordinary Segment Tree; Structure of the Segment Tree"
How can we find the 5th smallest number from a subarray?,"// find the 5th smallest number from the subarray [a[2], a[3], ..., a[19]]
int result = find_kth(roots[2], roots[20], tl, tr, 5);; **Finding the -th smallest number in a rangek**; the sum of a continuous subarray, we know that segments corresponding to the visited vertices in the; **Find the smallest number greater or equal to a specified number. No modification queries.**; This time we have to answer queries of the form ""What is the -th smallest element in the range k"
What is the purpose of creating a segment tree lazily?,"We can solve this problem by creating a segment tree lazily (incrementally). Initially, we will create only; ## Simplest form of a Segment Tree; Dynamic segment tree; exactly the same as in the simple Segment Tree, but instead of summing / minimizing / maximizing the; Segment Tree is a data structure that can be turned into a persistent data structure efficiently (both in"
What is the complexity of query operations in a dynamic segment tree?,"complex queries (see Advanced versions of Segment Trees). In particular the Segment Tree can be; ). The Segment Tree should be able to process both queries in O(log n) time.; It can be quite easy to change the Segment Tree in a direction, such that it computes different queries; Thus the answer to the query in one segment of the tree takes O(log n) time, and the entire query is; In general, a Segment Tree is a very flexible data structure, and a huge number of problems can be"
What is the data structure used to implement dynamic segment trees?,"Dynamic segment tree; Segment Tree is a data structure that can be turned into a persistent data structure efficiently (both in; A Segment Tree is a very flexible data structure, and allows variations and extensions in many different; A Segment Tree is a data structure that stores information about array intervals as a tree. This allows; Structure of the Segment Tree"
How do you implement range updates via lazy propagation?,"Range updates (Lazy Propagation); E.g. by adding support for range updates; via lazy propagation.; [Codeforces - XOR on Segment [Lazy propagation]](https://codeforces.com/problemset/problem/242/E); It is easy to see, that the update request can be implemented using a recursive function. The function"
How can this idea be extended?,"Obviously this idea can be extended in lots of different ways.; easily generalized to larger dimensions. For instance, with a two-dimensional Segment Tree you can; Instead we can use the same idea as in the previous section, and find the position by descending the; This technique implies a whole new class of possible applications. Instead of storing a vector or a; solved with it. Additionally, it is also possible to apply more complex operations and answer more"
